{"cameraMode":{"drawMode":0,"name":"Shaded","section":"Shading Mode"},"sceneLighting":true,"audioPlay":false,"sceneViewState":{"showFog":false,"showMaterialUpdate":false,"showSkybox":false,"showFlares":false,"showImageEffects":false,"showParticleSystems":false},"in2DMode":false,"pivot":{"x":-20.989999771118165,"y":1.0,"z":-161.07000732421876},"rotation":{"x":-0.019772320985794069,"y":0.9273626804351807,"z":-0.3720111548900604,"w":-0.05750179663300514},"size":2.4677932262420656,"orthographic":false}