{"cameraMode":{"drawMode":0,"name":"Shaded","section":"Shading Mode"},"sceneLighting":true,"audioPlay":false,"sceneViewState":{"showFog":false,"showMaterialUpdate":false,"showSkybox":true,"showFlares":false,"showImageEffects":false,"showParticleSystems":false},"in2DMode":false,"pivot":{"x":59.22835922241211,"y":-86.88776397705078,"z":-132.9448699951172},"rotation":{"x":-0.3147234320640564,"y":-0.5068956017494202,"z":0.20710620284080506,"w":-0.77683424949646},"size":78.13674926757813,"orthographic":false}