{"cameraMode":{"drawMode":0,"name":"Shaded","section":"Shading Mode"},"sceneLighting":true,"audioPlay":false,"sceneViewState":{"showFog":false,"showMaterialUpdate":false,"showSkybox":true,"showFlares":false,"showImageEffects":false,"showParticleSystems":false},"in2DMode":false,"pivot":{"x":610.5848388671875,"y":381.1121520996094,"z":-58.106353759765628},"rotation":{"x":-0.39157983660697939,"y":0.3151925206184387,"z":-0.1425970047712326,"w":-0.8540182113647461},"size":78.13674926757813,"orthographic":false}