{"cameraMode":{"drawMode":0,"name":"Shaded","section":"Shading Mode"},"sceneLighting":true,"audioPlay":false,"sceneViewState":{"showFog":false,"showMaterialUpdate":false,"showSkybox":true,"showFlares":false,"showImageEffects":false,"showParticleSystems":false},"in2DMode":false,"pivot":{"x":-81.0312271118164,"y":19.564363479614259,"z":-25.24994659423828},"rotation":{"x":0.06857536733150482,"y":0.9265887141227722,"z":-0.19120708107948304,"w":0.3200872242450714},"size":5.180583953857422,"orthographic":false}